city,name,email,phone
Mobile,Doctor 100,doctor100@gmail.com,669-231-1100
Westminster,Doctor 101,doctor101@gmail.com,669-231-1101
Norfolk,Doctor 102,doctor102@gmail.com,669-231-1102
Worcester,Doctor 103,doctor103@gmail.com,669-231-1103
Simi Valley,Doctor 104,doctor104@gmail.com,669-231-1104
Lakeland,Doctor 105,doctor105@gmail.com,669-231-1105
Lewisville,Doctor 106,doctor106@gmail.com,669-231-1106
Anaheim,Doctor 107,doctor107@gmail.com,669-231-1107
Bridgeport,Doctor 108,doctor108@gmail.com,669-231-1108
Philadelphia,Doctor 109,doctor109@gmail.com,669-231-1109
Richardson,Doctor 110,doctor110@gmail.com,669-231-1110
Clinton,Doctor 111,doctor111@gmail.com,669-231-1111
Sandy Springs,Doctor 112,doctor112@gmail.com,669-231-1112
Kent,Doctor 113,doctor113@gmail.com,669-231-1113
Henderson,Doctor 114,doctor114@gmail.com,669-231-1114
Milwaukee,Doctor 115,doctor115@gmail.com,669-231-1115
Arlington,Doctor 116,doctor116@gmail.com,669-231-1116
Amarillo,Doctor 117,doctor117@gmail.com,669-231-1117
Fullerton,Doctor 118,doctor118@gmail.com,669-231-1118
Long Beach,Doctor 119,doctor119@gmail.com,669-231-1119
Clarksville,Doctor 120,doctor120@gmail.com,669-231-1120
Fontana,Doctor 121,doctor121@gmail.com,669-231-1121
Santa Clara,Doctor 122,doctor122@gmail.com,669-231-1122
Miami,Doctor 123,doctor123@gmail.com,669-231-1123
New Orleans,Doctor 124,doctor124@gmail.com,669-231-1124
Norman,Doctor 125,doctor125@gmail.com,669-231-1125
Davie,Doctor 126,doctor126@gmail.com,669-231-1126
Denton,Doctor 127,doctor127@gmail.com,669-231-1127
Davenport,Doctor 128,doctor128@gmail.com,669-231-1128
Rancho Cucamonga,Doctor 129,doctor129@gmail.com,669-231-1129
Evansville,Doctor 130,doctor130@gmail.com,669-231-1130
Stockton,Doctor 131,doctor131@gmail.com,669-231-1131
Chula Vista,Doctor 132,doctor132@gmail.com,669-231-1132
McAllen,Doctor 133,doctor133@gmail.com,669-231-1133
Hayward,Doctor 134,doctor134@gmail.com,669-231-1134
Vallejo,Doctor 135,doctor135@gmail.com,669-231-1135
Reno,Doctor 136,doctor136@gmail.com,669-231-1136
Costa Mesa,Doctor 137,doctor137@gmail.com,669-231-1137
Eugene,Doctor 138,doctor138@gmail.com,669-231-1138
Fargo,Doctor 139,doctor139@gmail.com,669-231-1139
Norwalk,Doctor 140,doctor140@gmail.com,669-231-1140
St. Louis,Doctor 141,doctor141@gmail.com,669-231-1141
Elizabeth,Doctor 142,doctor142@gmail.com,669-231-1142
Alexandria,Doctor 143,doctor143@gmail.com,669-231-1143
El Paso,Doctor 144,doctor144@gmail.com,669-231-1144
Buffalo,Doctor 145,doctor145@gmail.com,669-231-1145
Austin,Doctor 146,doctor146@gmail.com,669-231-1146
Bakersfield,Doctor 147,doctor147@gmail.com,669-231-1147
Colorado Springs,Doctor 148,doctor148@gmail.com,669-231-1148
Hialeah,Doctor 149,doctor149@gmail.com,669-231-1149
Dayton,Doctor 150,doctor150@gmail.com,669-231-1150
Pompano Beach,Doctor 151,doctor151@gmail.com,669-231-1151
Dearborn,Doctor 152,doctor152@gmail.com,669-231-1152
Huntsville,Doctor 153,doctor153@gmail.com,669-231-1153
Torrance,Doctor 154,doctor154@gmail.com,669-231-1154
Oakland,Doctor 155,doctor155@gmail.com,669-231-1155
Rockford,Doctor 156,doctor156@gmail.com,669-231-1156
El Cajon,Doctor 157,doctor157@gmail.com,669-231-1157
Roanoke,Doctor 158,doctor158@gmail.com,669-231-1158
South Fulton,Doctor 159,doctor159@gmail.com,669-231-1159
Corpus Christi,Doctor 160,doctor160@gmail.com,669-231-1160
Dallas,Doctor 161,doctor161@gmail.com,669-231-1161
Stamford,Doctor 162,doctor162@gmail.com,669-231-1162
Kansas City,Doctor 163,doctor163@gmail.com,669-231-1163
Santa Rosa,Doctor 164,doctor164@gmail.com,669-231-1164
Meridian,Doctor 165,doctor165@gmail.com,669-231-1165
Columbia,Doctor 166,doctor166@gmail.com,669-231-1166
Boulder,Doctor 167,doctor167@gmail.com,669-231-1167
High Point,Doctor 168,doctor168@gmail.com,669-231-1168
Provo,Doctor 169,doctor169@gmail.com,669-231-1169
Lakewood,Doctor 170,doctor170@gmail.com,669-231-1170
Fremont,Doctor 171,doctor171@gmail.com,669-231-1171
Washington,Doctor 172,doctor172@gmail.com,669-231-1172
Glendale,Doctor 173,doctor173@gmail.com,669-231-1173
Denver,Doctor 174,doctor174@gmail.com,669-231-1174
Pittsburgh,Doctor 175,doctor175@gmail.com,669-231-1175
West Jordan,Doctor 176,doctor176@gmail.com,669-231-1176
Nampa,Doctor 177,doctor177@gmail.com,669-231-1177
Carlsbad,Doctor 178,doctor178@gmail.com,669-231-1178
Toledo,Doctor 179,doctor179@gmail.com,669-231-1179
Anchorage,Doctor 180,doctor180@gmail.com,669-231-1180
Minneapolis,Doctor 181,doctor181@gmail.com,669-231-1181
Albuquerque,Doctor 182,doctor182@gmail.com,669-231-1182
Pomona,Doctor 183,doctor183@gmail.com,669-231-1183
Ventura,Doctor 184,doctor184@gmail.com,669-231-1184
Cape Coral,Doctor 185,doctor185@gmail.com,669-231-1185
Huntington Beach,Doctor 186,doctor186@gmail.com,669-231-1186
Wichita Falls,Doctor 187,doctor187@gmail.com,669-231-1187
Honolulu,Doctor 188,doctor188@gmail.com,669-231-1188
Waterbury,Doctor 189,doctor189@gmail.com,669-231-1189
Hartford,Doctor 190,doctor190@gmail.com,669-231-1190
Yonkers,Doctor 191,doctor191@gmail.com,669-231-1191
Fort Lauderdale,Doctor 192,doctor192@gmail.com,669-231-1192
Brockton,Doctor 193,doctor193@gmail.com,669-231-1193
Warren,Doctor 194,doctor194@gmail.com,669-231-1194
Antioch,Doctor 195,doctor195@gmail.com,669-231-1195
Cary,Doctor 196,doctor196@gmail.com,669-231-1196
Sunnyvale,Doctor 197,doctor197@gmail.com,669-231-1197
Savannah,Doctor 198,doctor198@gmail.com,669-231-1198
Fort Collins,Doctor 199,doctor199@gmail.com,669-231-1199
Riverside,Doctor 200,doctor200@gmail.com,669-231-1200
Clearwater,Doctor 201,doctor201@gmail.com,669-231-1201
Winstonâ€“Salem,Doctor 202,doctor202@gmail.com,669-231-1202
Tampa,Doctor 203,doctor203@gmail.com,669-231-1203
Santa Clarita,Doctor 204,doctor204@gmail.com,669-231-1204
Fresno,Doctor 205,doctor205@gmail.com,669-231-1205
Lowell,Doctor 206,doctor206@gmail.com,669-231-1206
Hampton,Doctor 207,doctor207@gmail.com,669-231-1207
Salinas,Doctor 208,doctor208@gmail.com,669-231-1208
Paterson,Doctor 209,doctor209@gmail.com,669-231-1209
Las Vegas,Doctor 210,doctor210@gmail.com,669-231-1210
Tallahassee,Doctor 211,doctor211@gmail.com,669-231-1211
Lynn,Doctor 212,doctor212@gmail.com,669-231-1212
Coral Springs,Doctor 213,doctor213@gmail.com,669-231-1213
San Francisco,Doctor 214,doctor214@gmail.com,669-231-1214
Jurupa Valley,Doctor 215,doctor215@gmail.com,669-231-1215
Tempe,Doctor 216,doctor216@gmail.com,669-231-1216
Knoxville,Doctor 217,doctor217@gmail.com,669-231-1217
Orlando,Doctor 218,doctor218@gmail.com,669-231-1218
Boise,Doctor 219,doctor219@gmail.com,669-231-1219
Chattanooga,Doctor 220,doctor220@gmail.com,669-231-1220
Wilmington,Doctor 221,doctor221@gmail.com,669-231-1221
North Las Vegas,Doctor 222,doctor222@gmail.com,669-231-1222
Quincy,Doctor 223,doctor223@gmail.com,669-231-1223
Manchester,Doctor 224,doctor224@gmail.com,669-231-1224
San Mateo,Doctor 225,doctor225@gmail.com,669-231-1225
Beaumont,Doctor 226,doctor226@gmail.com,669-231-1226
Fort Wayne,Doctor 227,doctor227@gmail.com,669-231-1227
Indianapolis,Doctor 228,doctor228@gmail.com,669-231-1228
Cambridge,Doctor 229,doctor229@gmail.com,669-231-1229
Omaha,Doctor 230,doctor230@gmail.com,669-231-1230
Sugar Land,Doctor 231,doctor231@gmail.com,669-231-1231
Plano,Doctor 232,doctor232@gmail.com,669-231-1232
Federal Way,Doctor 233,doctor233@gmail.com,669-231-1233
Sacramento,Doctor 234,doctor234@gmail.com,669-231-1234
Charleston,Doctor 235,doctor235@gmail.com,669-231-1235
Pasadena,Doctor 236,doctor236@gmail.com,669-231-1236
San Jose,Doctor 237,doctor237@gmail.com,669-231-1237
Oklahoma City,Doctor 238,doctor238@gmail.com,669-231-1238
Hillsboro,Doctor 239,doctor239@gmail.com,669-231-1239
Woodbridge,Doctor 240,doctor240@gmail.com,669-231-1240
Greensboro,Doctor 241,doctor241@gmail.com,669-231-1241
Nashville,Doctor 242,doctor242@gmail.com,669-231-1242
Sterling Heights,Doctor 243,doctor243@gmail.com,669-231-1243
Columbus,Doctor 244,doctor244@gmail.com,669-231-1244
Topeka,Doctor 245,doctor245@gmail.com,669-231-1245
Jacksonville,Doctor 246,doctor246@gmail.com,669-231-1246
Bellevue,Doctor 247,doctor247@gmail.com,669-231-1247
Little Rock,Doctor 248,doctor248@gmail.com,669-231-1248
Thousand Oaks,Doctor 249,doctor249@gmail.com,669-231-1249
Rochester,Doctor 250,doctor250@gmail.com,669-231-1250
Berkeley,Doctor 251,doctor251@gmail.com,669-231-1251
West Covina,Doctor 252,doctor252@gmail.com,669-231-1252
Temecula,Doctor 253,doctor253@gmail.com,669-231-1253
Des Moines,Doctor 254,doctor254@gmail.com,669-231-1254
West Valley City,Doctor 255,doctor255@gmail.com,669-231-1255
Spokane,Doctor 256,doctor256@gmail.com,669-231-1256
Overland Park,Doctor 257,doctor257@gmail.com,669-231-1257
Concord,Doctor 258,doctor258@gmail.com,669-231-1258
Palmdale,Doctor 259,doctor259@gmail.com,669-231-1259
Ann Arbor,Doctor 260,doctor260@gmail.com,669-231-1260
Chicago,Doctor 261,doctor261@gmail.com,669-231-1261
Detroit,Doctor 262,doctor262@gmail.com,669-231-1262
Shreveport,Doctor 263,doctor263@gmail.com,669-231-1263
Joliet,Doctor 264,doctor264@gmail.com,669-231-1264
Downey,Doctor 265,doctor265@gmail.com,669-231-1265
Broken Arrow,Doctor 266,doctor266@gmail.com,669-231-1266
Oceanside,Doctor 267,doctor267@gmail.com,669-231-1267
Richmond,Doctor 268,doctor268@gmail.com,669-231-1268
St. Petersburg,Doctor 269,doctor269@gmail.com,669-231-1269
Daly City,Doctor 270,doctor270@gmail.com,669-231-1270
Garden Grove,Doctor 271,doctor271@gmail.com,669-231-1271
Chesapeake,Doctor 272,doctor272@gmail.com,669-231-1272
Escondido,Doctor 273,doctor273@gmail.com,669-231-1273
Augusta,Doctor 274,doctor274@gmail.com,669-231-1274
Naperville,Doctor 275,doctor275@gmail.com,669-231-1275
League City,Doctor 276,doctor276@gmail.com,669-231-1276
Orange,Doctor 277,doctor277@gmail.com,669-231-1277
San Antonio,Doctor 278,doctor278@gmail.com,669-231-1278
Edison,Doctor 279,doctor279@gmail.com,669-231-1279
Madison,Doctor 280,doctor280@gmail.com,669-231-1280
Port St. Lucie,Doctor 281,doctor281@gmail.com,669-231-1281
Springfield,Doctor 282,doctor282@gmail.com,669-231-1282
Las Cruces,Doctor 283,doctor283@gmail.com,669-231-1283
Newport News,Doctor 284,doctor284@gmail.com,669-231-1284
Cleveland,Doctor 285,doctor285@gmail.com,669-231-1285
Renton,Doctor 286,doctor286@gmail.com,669-231-1286
Gainesville,Doctor 287,doctor287@gmail.com,669-231-1287
Garland,Doctor 288,doctor288@gmail.com,669-231-1288
Houston,Doctor 289,doctor289@gmail.com,669-231-1289
Irvine,Doctor 290,doctor290@gmail.com,669-231-1290
Tucson,Doctor 291,doctor291@gmail.com,669-231-1291
Chandler,Doctor 292,doctor292@gmail.com,669-231-1292
Billings,Doctor 293,doctor293@gmail.com,669-231-1293
Montgomery,Doctor 294,doctor294@gmail.com,669-231-1294
Modesto,Doctor 295,doctor295@gmail.com,669-231-1295
Vancouver,Doctor 296,doctor296@gmail.com,669-231-1296
Newark,Doctor 297,doctor297@gmail.com,669-231-1297
Arvada,Doctor 298,doctor298@gmail.com,669-231-1298
Santa Maria,Doctor 299,doctor299@gmail.com,669-231-1299
Inglewood,Doctor 300,doctor300@gmail.com,669-231-1300
Menifee,Doctor 301,doctor301@gmail.com,669-231-1301
Centennial,Doctor 302,doctor302@gmail.com,669-231-1302
Abilene,Doctor 303,doctor303@gmail.com,669-231-1303
Louisville,Doctor 304,doctor304@gmail.com,669-231-1304
New Haven,Doctor 305,doctor305@gmail.com,669-231-1305
Lancaster,Doctor 306,doctor306@gmail.com,669-231-1306
Tacoma,Doctor 307,doctor307@gmail.com,669-231-1307
Palm Bay,Doctor 308,doctor308@gmail.com,669-231-1308
Chico,Doctor 309,doctor309@gmail.com,669-231-1309
Carrollton,Doctor 310,doctor310@gmail.com,669-231-1310
Tulsa,Doctor 311,doctor311@gmail.com,669-231-1311
Scottsdale,Doctor 312,doctor312@gmail.com,669-231-1312
Aurora,Doctor 313,doctor313@gmail.com,669-231-1313
Atlanta,Doctor 314,doctor314@gmail.com,669-231-1314
Lee's Summit,Doctor 315,doctor315@gmail.com,669-231-1315
San Diego,Doctor 316,doctor316@gmail.com,669-231-1316
Fayetteville,Doctor 317,doctor317@gmail.com,669-231-1317
Portland,Doctor 318,doctor318@gmail.com,669-231-1318
College Station,Doctor 319,doctor319@gmail.com,669-231-1319
Thornton,Doctor 320,doctor320@gmail.com,669-231-1320
Odessa,Doctor 321,doctor321@gmail.com,669-231-1321
New Bedford,Doctor 322,doctor322@gmail.com,669-231-1322
Surprise,Doctor 323,doctor323@gmail.com,669-231-1323
Akron,Doctor 324,doctor324@gmail.com,669-231-1324
Laredo,Doctor 325,doctor325@gmail.com,669-231-1325
New York,Doctor 326,doctor326@gmail.com,669-231-1326
South Bend,Doctor 327,doctor327@gmail.com,669-231-1327
Oxnard,Doctor 328,doctor328@gmail.com,669-231-1328
Vacaville,Doctor 329,doctor329@gmail.com,669-231-1329
Boston,Doctor 330,doctor330@gmail.com,669-231-1330
Killeen,Doctor 331,doctor331@gmail.com,669-231-1331
Seattle,Doctor 332,doctor332@gmail.com,669-231-1332
Lexington,Doctor 333,doctor333@gmail.com,669-231-1333
San Bernardino,Doctor 334,doctor334@gmail.com,669-231-1334
Roseville,Doctor 335,doctor335@gmail.com,669-231-1335
Gresham,Doctor 336,doctor336@gmail.com,669-231-1336
Midland,Doctor 337,doctor337@gmail.com,669-231-1337
Allen,Doctor 338,doctor338@gmail.com,669-231-1338
Pueblo,Doctor 339,doctor339@gmail.com,669-231-1339
Round Rock,Doctor 340,doctor340@gmail.com,669-231-1340
Baltimore,Doctor 341,doctor341@gmail.com,669-231-1341
Murrieta,Doctor 342,doctor342@gmail.com,669-231-1342
Olathe,Doctor 343,doctor343@gmail.com,669-231-1343
Miramar,Doctor 344,doctor344@gmail.com,669-231-1344
Athens,Doctor 345,doctor345@gmail.com,669-231-1345
Jersey City,Doctor 346,doctor346@gmail.com,669-231-1346
Irving,Doctor 347,doctor347@gmail.com,669-231-1347
Frisco,Doctor 348,doctor348@gmail.com,669-231-1348
Pearland,Doctor 349,doctor349@gmail.com,669-231-1349
Los Angeles,Doctor 350,doctor350@gmail.com,669-231-1350
Lincoln,Doctor 351,doctor351@gmail.com,669-231-1351
Tyler,Doctor 352,doctor352@gmail.com,669-231-1352
Macon,Doctor 353,doctor353@gmail.com,669-231-1353
Greeley,Doctor 354,doctor354@gmail.com,669-231-1354
Lubbock,Doctor 355,doctor355@gmail.com,669-231-1355
Birmingham,Doctor 356,doctor356@gmail.com,669-231-1356
Peoria,Doctor 357,doctor357@gmail.com,669-231-1357
Rio Rancho,Doctor 358,doctor358@gmail.com,669-231-1358
Lansing,Doctor 359,doctor359@gmail.com,669-231-1359
Sparks,Doctor 360,doctor360@gmail.com,669-231-1360
Raleigh,Doctor 361,doctor361@gmail.com,669-231-1361
Phoenix,Doctor 362,doctor362@gmail.com,669-231-1362
Grand Rapids,Doctor 363,doctor363@gmail.com,669-231-1363
Victorville,Doctor 364,doctor364@gmail.com,669-231-1364
Pembroke Pines,Doctor 365,doctor365@gmail.com,669-231-1365
Syracuse,Doctor 366,doctor366@gmail.com,669-231-1366
Baton Rouge,Doctor 367,doctor367@gmail.com,669-231-1367
Corona,Doctor 368,doctor368@gmail.com,669-231-1368
Rialto,Doctor 369,doctor369@gmail.com,669-231-1369
Charlotte,Doctor 370,doctor370@gmail.com,669-231-1370
Lafayette,Doctor 371,doctor371@gmail.com,669-231-1371
Wichita,Doctor 372,doctor372@gmail.com,669-231-1372
Moreno Valley,Doctor 373,doctor373@gmail.com,669-231-1373
Cedar Rapids,Doctor 374,doctor374@gmail.com,669-231-1374
Green Bay,Doctor 375,doctor375@gmail.com,669-231-1375
Salt Lake City,Doctor 376,doctor376@gmail.com,669-231-1376
Allentown,Doctor 377,doctor377@gmail.com,669-231-1377
Murfreesboro,Doctor 378,doctor378@gmail.com,669-231-1378
Clovis,Doctor 379,doctor379@gmail.com,669-231-1379
Sioux Falls,Doctor 380,doctor380@gmail.com,669-231-1380
Cincinnati,Doctor 381,doctor381@gmail.com,669-231-1381
Jackson,Doctor 382,doctor382@gmail.com,669-231-1382
Hollywood,Doctor 383,doctor383@gmail.com,669-231-1383
Visalia,Doctor 384,doctor384@gmail.com,669-231-1384
Edinburg,Doctor 385,doctor385@gmail.com,669-231-1385
Mesa,Doctor 386,doctor386@gmail.com,669-231-1386
Providence,Doctor 387,doctor387@gmail.com,669-231-1387
Brownsville,Doctor 388,doctor388@gmail.com,669-231-1388
Fairfield,Doctor 389,doctor389@gmail.com,669-231-1389
West Palm Beach,Doctor 390,doctor390@gmail.com,669-231-1390
Grand Prairie,Doctor 391,doctor391@gmail.com,669-231-1391
Virginia Beach,Doctor 392,doctor392@gmail.com,669-231-1392
Durham,Doctor 393,doctor393@gmail.com,669-231-1393
Burbank,Doctor 394,doctor394@gmail.com,669-231-1394
Everett,Doctor 395,doctor395@gmail.com,669-231-1395
Saint Paul,Doctor 396,doctor396@gmail.com,669-231-1396
Spokane Valley,Doctor 397,doctor397@gmail.com,669-231-1397
Independence,Doctor 398,doctor398@gmail.com,669-231-1398
Elk Grove,Doctor 399,doctor399@gmail.com,669-231-1399
Ontario,Doctor 400,doctor400@gmail.com,669-231-1400
El Monte,Doctor 401,doctor401@gmail.com,669-231-1401
Salem,Doctor 402,doctor402@gmail.com,669-231-1402
Gilbert,Doctor 403,doctor403@gmail.com,669-231-1403
Elgin,Doctor 404,doctor404@gmail.com,669-231-1404
Waco,Doctor 405,doctor405@gmail.com,669-231-1405
Memphis,Doctor 406,doctor406@gmail.com,669-231-1406
Fort Worth,Doctor 407,doctor407@gmail.com,669-231-1407
North Charleston,Doctor 408,doctor408@gmail.com,669-231-1408
Miami Gardens,Doctor 409,doctor409@gmail.com,669-231-1409
Santa Ana,Doctor 410,doctor410@gmail.com,669-231-1410
McKinney,Doctor 411,doctor411@gmail.com,669-231-1411
Mesquite,Doctor 412,doctor412@gmail.com,669-231-1412
